{
  "n_panel_rows": 113286,
  "n_flagged": 24902,
  "share_flagged": 0.2198153346397613,
  "median_residual_log": 0.0,
  "mad_residual_log": 0.09738423161539866,
  "sigma_hat_residual_log": 0.14438186179299006,
  "tiers": {
    "critical": 12494,
    "warning": 12408
  },
  "directions": {
    "drop": 10428,
    "surge": 14474
  },
  "computed_at": "2026-05-14T11:29:21.808038+00:00"
}