experiment,MAE,RMSE,MAPE,sMAPE,R2,training_seconds,n_features,run_id
1_lgbm_baseline,18.677091709688625,278.78662963728146,36.60674825431972,64.27867140260692,0.9376595937477352,25.496853828430176,23,00b7de86c0d34bb89b8ad0c19ba515c1
2_lgbm_deep,18.49057741596668,263.1499167308272,36.80663355465264,69.13986676071477,0.9444566309486324,52.68453121185303,23,0c8b082ea73c4fe1bbd4ffc13e389382
3_lgbm_shallow,19.327034342727416,308.0213171878059,36.9183118846336,63.71450292192563,0.9238995381628844,8.75788426399231,23,e23f53deb2c14c33904c694a2b816176
4_lgbm_no_log_target,17.898652149780162,231.279342668851,54.408652133451774,60.82812920351176,0.957095837022313,29.42845582962036,23,f6faf25f29534adebb0f75e6893d1ab5
5_lgbm_minimal_features,21.64603270688725,305.7694616290472,59.63304329833332,118.99061561891138,0.925008168183404,28.18634867668152,8,39f382c8561e4cb1871dea029acf8333
6_xgboost_baseline,20.329672619931205,303.1650804090679,37.81969730722526,66.58136917354638,0.9262802085997643,19.010087251663208,23,754091735d1542e6a4c96a5f32101893
7_catboost_native_cats,19.73223522659785,312.55216011802753,37.776953350414054,69.78112376714176,0.9216442711783615,238.49174571037292,23,e24f5b8a1ae7452b9d3dff5330b1fe54
8_random_forest,18.527515315612664,248.15322264068445,40.475027242313494,80.59077941016196,0.9506069796159335,30.560624599456787,23,f3ed531559a74cb380f82a1b0162f59c
